<?xml version="1.0" encoding="UTF-8"?>
<project-private xmlns="http://www.netbeans.org/ns/project-private/1">
    <editor-bookmarks xmlns="http://www.netbeans.org/ns/editor-bookmarks/2" lastBookmarkId="0"/>
    <open-files xmlns="http://www.netbeans.org/ns/projectui-open-files/2">
        <group>
            <file>file:/C:/Users/jorge/OneDrive/Escritorio/ESPE/SEGUNDO_SEMESTRE/OOP/ESPE2504-OOPSW23217-Craft_Market/06Code/CraftMarket/src/ec/espe/edu/model/Artisan.java</file>
            <file>file:/C:/Users/jorge/OneDrive/Escritorio/ESPE/SEGUNDO_SEMESTRE/OOP/ESPE2504-OOPSW23217-Craft_Market/06Code/CraftMarket/src/ec/espe/edu/view/CraftMarket.java</file>
            <file>file:/C:/Users/jorge/OneDrive/Escritorio/ESPE/SEGUNDO_SEMESTRE/OOP/ESPE2504-OOPSW23217-Craft_Market/06Code/CraftMarket/src/ec/espe/edu/model/Menu.java</file>
        </group>
    </open-files>
</project-private>
